{"schemaVersion":"1.0","appDefinitionTemplate":{"id":"/providers/Microsoft.PowerApps/apps/","type":"Microsoft.PowerApps/apps","tags":{"primaryDeviceWidth":"640","primaryDeviceHeight":"1136","supportsPortrait":"true","supportsLandscape":"true","primaryFormFactor":"Phone","showStatusBar":"false","publisherVersion":"3.25034.15","minimumRequiredApiVersion":"2.2.0","hasComponent":"false","hasUnlockedComponent":"false","isUnifiedRootApp":"false","sienaVersion":"20250330T223135Z-3.25034.15.0"},"properties":{"appVersion":"2025-03-30T22:31:35Z","lifeCycleId":"Published","createdByClientVersion":{"major":3,"minor":25034,"build":15,"revision":0,"majorRevision":0,"minorRevision":0},"minClientVersion":{"major":3,"minor":25034,"build":15,"revision":0,"majorRevision":0,"minorRevision":0},"backgroundColor":"rgba(255, 255, 255, 1)","backgroundImageUri":"/3811706975313814372/N51156f0c-0246-4ddf-946a-9096e06b1ac8-Ne403ffbc-2447-45ef-b317-213a5ae64ef3-logoSmallFile","displayName":"LexPublica","description":"","commitMessage":"","appUris":{"documentUri":{"value":"/3811706975313814372/N4c708ec6-9893-469f-915c-a94478cf3f54-N04d5efa2-e243-4a4b-a009-19804109e337-document.msapp"},"imageUris":[],"additionalUris":[]},"createdTime":"0001-01-01T00:00:00Z","lastModifiedTime":"0001-01-01T00:00:00Z","sharedGroupsCount":0,"sharedUsersCount":0,"connectionReferences":{},"databaseReferences":{"default.cds":{"databaseDetails":{"referenceType":"Environmental","environmentName":"default.cds","overrideValues":{"status":"NotSpecified","environmentVariableName":""}},"dataSources":{"Decisão Judicial":{"entitySetName":"cr8e8_decisaojudicials","logicalName":"cr8e8_decisaojudicial","isHidden":false},"Legislação":{"entitySetName":"cr8e8_legislacaos","logicalName":"cr8e8_legislacao","isHidden":false}}}},"almMode":"Environment","performanceOptimizationEnabled":true,"canConsumeAppPass":false,"enableModernRuntimeMode":false,"executionRestrictions":{"isTeamsOnly":false,"dataLossPreventionEvaluationResult":{"status":"Compliant","lastEvaluationDate":"2025-03-28T02:03:27.1312729Z","violations":[],"violationsByPolicy":[],"violationErrorMessage":"The app uses the following connectors: ."}}},"isAppComponentLibrary":false,"appType":"ClassicCanvasApp","appComponents":[]}}